RecordID,SpeciesID,HabitatID,ResearcherID,ObservationDate,Notes,ResearcherID,ProgramID,FirstName,LastName,Affiliation
101,1,11,21,2023-01-15,Observed a Bengal Tiger hunting in the rainforest.,21,35,John,Smith,Wildlife Conservation Institute
102,3,13,22,2023-02-02,Elephants migrating across the Serengeti.,22,34,Emily,Johnson,Serengeti Wildlife Foundation
103,5,16,23,2023-03-10,Amur Leopards spotted on the Gal√°pagos Islands.,23,38,David,Kim,Wildlife Conservation Institute
104,7,17,24,2023-04-05,Hawksbill Turtle nesting in the Arctic Tundra.,24,31,Lisa,Rodriguez,Arctic Wildlife Fund
105,10,19,25,2023-05-20,Western Lowland Gorilla family observed in Madagascar.,25,32,Michael,Lee,Primate Protection Organization
106,2,12,26,2023-06-18,Giant Pandas feeding on bamboo in the Great Barrier Reef.,26,37,Sarah,Brown,Panda Preservation Project
107,4,14,27,2023-07-22,Red-crowned Cranes flying over the Himalayan Mountains.,27,36,Robert,Chen,Wildlife Conservation Institute
108,6,15,28,2023-08-30,Sumatran Orangutans playing in the Everglades.,28,40,Olivia,Wang,Orangutan Alliance
109,8,18,29,2023-09-14,California Condors soaring over the Patagonian Desert.,29,33,Daniel,Garcia,Condor Conservation Coalition
110,9,20,30,2023-10-05,Snow Leopards resting in the Boreal Forest.,30,39,Jessica,Park,Snow Leopard Trust
